<?xml version="1.0" encoding="UTF-8"?>
<configurationDescriptor version="91">
  <logicalFolder name="root" displayName="root" projectFiles="true" kind="ROOT">
    <logicalFolder name="HeaderFiles" displayName="头文件" projectFiles="true">
      <itemPath>ElementContainer.h</itemPath>
      <itemPath>GuassianElimination.h</itemPath>
      <itemPath>LagContainer.h</itemPath>
    </logicalFolder>
    <logicalFolder name="SourceFiles" displayName="源文件" projectFiles="true">
      <itemPath>main.cpp</itemPath>
    </logicalFolder>
    <logicalFolder name="ResourceFiles" displayName="资源文件" projectFiles="true">
    </logicalFolder>
    <logicalFolder name="TestFiles"
                   displayName="测试文件"
                   projectFiles="false"
                   kind="TEST_LOGICAL_FOLDER">
    </logicalFolder>
    <logicalFolder name="ExternalFiles"
                   displayName="重要文件"
                   projectFiles="false"
                   kind="IMPORTANT_FILES_FOLDER">
      <itemPath>Makefile</itemPath>
    </logicalFolder>
    <itemPath>README</itemPath>
  </logicalFolder>
  <projectmakefile>Makefile</projectmakefile>
  <confs>
    <conf name="Debug" type="1">
      <toolsSet>
        <compilerSet>default</compilerSet>
        <dependencyChecking>true</dependencyChecking>
        <rebuildPropChanged>false</rebuildPropChanged>
      </toolsSet>
      <compileType>
        <ccTool>
          <incDir>
            <pElem>/usr/local/include/openmpi/</pElem>
            <pElem>/usr/local/include/</pElem>
          </incDir>
        </ccTool>
        <linkerTool>
          <linkerLibItems>
            <linkerLibLibItem>gdal</linkerLibLibItem>
            <linkerLibLibItem>mpi</linkerLibLibItem>
            <linkerLibLibItem>mpi_cxx</linkerLibLibItem>
          </linkerLibItems>
        </linkerTool>
      </compileType>
      <item path="ElementContainer.h" ex="false" tool="3" flavor2="0">
      </item>
      <item path="GuassianElimination.h" ex="false" tool="3" flavor2="0">
      </item>
      <item path="LagContainer.h" ex="false" tool="3" flavor2="0">
      </item>
      <item path="README" ex="false" tool="3" flavor2="0">
      </item>
      <item path="main.cpp" ex="false" tool="1" flavor2="0">
      </item>
    </conf>
    <conf name="Release" type="1">
      <toolsSet>
        <compilerSet>default</compilerSet>
        <dependencyChecking>true</dependencyChecking>
        <rebuildPropChanged>false</rebuildPropChanged>
      </toolsSet>
      <compileType>
        <cTool>
          <developmentMode>5</developmentMode>
        </cTool>
        <ccTool>
          <developmentMode>5</developmentMode>
        </ccTool>
        <fortranCompilerTool>
          <developmentMode>5</developmentMode>
        </fortranCompilerTool>
        <asmTool>
          <developmentMode>5</developmentMode>
        </asmTool>
      </compileType>
      <item path="ElementContainer.h" ex="false" tool="3" flavor2="0">
      </item>
      <item path="GuassianElimination.h" ex="false" tool="3" flavor2="0">
      </item>
      <item path="LagContainer.h" ex="false" tool="3" flavor2="0">
      </item>
      <item path="README" ex="false" tool="3" flavor2="0">
      </item>
      <item path="main.cpp" ex="false" tool="1" flavor2="0">
      </item>
    </conf>
  </confs>
</configurationDescriptor>
