<?xml version="1.0" encoding="UTF-8"?>
<configurationDescriptor version="91">
  <logicalFolder name="root" displayName="root" projectFiles="true" kind="ROOT">
    <logicalFolder name="HeaderFiles" displayName="头文件" projectFiles="true">
      <itemPath>common.h</itemPath>
      <itemPath>parainvert.h</itemPath>
      <itemPath>paramatrix.h</itemPath>
    </logicalFolder>
    <logicalFolder name="SourceFiles" displayName="源文件" projectFiles="true">
      <itemPath>main.cpp</itemPath>
      <itemPath>parainvert.cpp</itemPath>
      <itemPath>paramatrix.cpp</itemPath>
    </logicalFolder>
    <logicalFolder name="ResourceFiles" displayName="资源文件" projectFiles="true">
    </logicalFolder>
    <logicalFolder name="TestFiles"
                   displayName="测试文件"
                   projectFiles="false"
                   kind="TEST_LOGICAL_FOLDER">
    </logicalFolder>
    <logicalFolder name="ExternalFiles"
                   displayName="重要文件"
                   projectFiles="false"
                   kind="IMPORTANT_FILES_FOLDER">
      <itemPath>Makefile</itemPath>
    </logicalFolder>
    <itemPath>README</itemPath>
  </logicalFolder>
  <projectmakefile>Makefile</projectmakefile>
  <confs>
    <conf name="Debug" type="1">
      <toolsSet>
        <compilerSet>GNU|GNU</compilerSet>
        <dependencyChecking>true</dependencyChecking>
        <rebuildPropChanged>false</rebuildPropChanged>
      </toolsSet>
      <compileType>
        <ccTool>
          <architecture>2</architecture>
          <incDir>
            <pElem>/usr/local/include</pElem>
            <pElem>/usr/local/include/openmpi</pElem>
          </incDir>
        </ccTool>
        <linkerTool>
          <linkerLibItems>
            <linkerLibLibItem>mpi</linkerLibLibItem>
            <linkerLibLibItem>mpi_cxx</linkerLibLibItem>
            <linkerLibLibItem>gdal</linkerLibLibItem>
          </linkerLibItems>
        </linkerTool>
      </compileType>
      <item path="README" ex="false" tool="3" flavor2="0">
      </item>
      <item path="common.h" ex="false" tool="3" flavor2="0">
      </item>
      <item path="main.cpp" ex="false" tool="1" flavor2="0">
      </item>
      <item path="parainvert.cpp" ex="false" tool="1" flavor2="0">
      </item>
      <item path="parainvert.h" ex="false" tool="3" flavor2="0">
      </item>
      <item path="paramatrix.cpp" ex="false" tool="1" flavor2="0">
      </item>
      <item path="paramatrix.h" ex="false" tool="3" flavor2="0">
      </item>
    </conf>
    <conf name="Release" type="1">
      <toolsSet>
        <compilerSet>default</compilerSet>
        <dependencyChecking>true</dependencyChecking>
        <rebuildPropChanged>false</rebuildPropChanged>
      </toolsSet>
      <compileType>
        <cTool>
          <developmentMode>5</developmentMode>
        </cTool>
        <ccTool>
          <developmentMode>5</developmentMode>
          <architecture>2</architecture>
          <incDir>
            <pElem>/usr/local/include</pElem>
            <pElem>/usr/local/include/openmpi</pElem>
          </incDir>
        </ccTool>
        <fortranCompilerTool>
          <developmentMode>5</developmentMode>
        </fortranCompilerTool>
        <asmTool>
          <developmentMode>5</developmentMode>
        </asmTool>
      </compileType>
      <item path="README" ex="false" tool="3" flavor2="0">
      </item>
      <item path="common.h" ex="false" tool="3" flavor2="0">
      </item>
      <item path="main.cpp" ex="false" tool="1" flavor2="0">
      </item>
      <item path="parainvert.cpp" ex="false" tool="1" flavor2="0">
      </item>
      <item path="parainvert.h" ex="false" tool="3" flavor2="0">
      </item>
      <item path="paramatrix.cpp" ex="false" tool="1" flavor2="0">
      </item>
      <item path="paramatrix.h" ex="false" tool="3" flavor2="0">
      </item>
    </conf>
  </confs>
</configurationDescriptor>
